filename,class_label,anomaly_label,score
normal-A-T-10-Down-10-A1-0.png,0,0,25865.662109375
normal-A-T-10-Down-10-A1-19.png,0,0,45676.83203125
normal-A-T-10-Down-10-A1-3.png,0,0,18102.015625
normal-A-T-10-Down-11-A1-11.png,0,0,18339.80078125
normal-A-T-10-Down-11-A1-18.png,0,0,27797.75390625
normal-A-T-10-Down-12-A1-1.png,0,0,21977.6328125
normal-A-T-10-Down-12-A1-11.png,0,0,17108.4921875
normal-A-T-10-Down-12-A1-13.png,0,0,16422.73046875
normal-A-T-10-Down-12-A1-4.png,0,0,16342.4091796875
normal-A-T-10-Down-12-A1-8.png,0,0,17980.435546875
normal-A-T-10-Down-13-A1-19.png,0,0,42025.87109375
normal-A-T-10-Down-13-A1-3.png,0,0,15023.1484375
normal-A-T-10-Down-14-A1-10.png,0,0,17094.525390625
normal-A-T-10-Down-14-A1-11.png,0,0,17040.185546875
normal-A-T-10-Down-14-A1-2.png,0,0,20958.78515625
normal-A-T-10-Down-14-A1-21.png,0,0,34341.421875
normal-A-T-10-Down-14-A1-7.png,0,0,17744.841796875
normal-A-T-10-Down-14-A1-9.png,0,0,19994.904296875
normal-A-T-10-Down-15-A1-12.png,0,0,22178.75390625
normal-A-T-10-Down-15-A1-15.png,0,0,19575.9375
normal-A-T-10-Down-15-A1-20.png,0,0,35015.40625
normal-A-T-10-Down-15-A1-22.png,0,0,32838.0859375
normal-A-T-10-Down-15-A1-4.png,0,0,16201.86328125
normal-A-T-10-Down-15-A1-8.png,0,0,19057.69921875
normal-A-T-10-Down-16-A1-11.png,0,0,19634.330078125
normal-A-T-10-Down-17-A1-20.png,0,0,34198.69140625
normal-A-T-10-Down-17-A1-8.png,0,0,20265.68359375
normal-A-T-10-Down-18-A1-12.png,0,0,21491.642578125
normal-A-T-10-Down-18-A1-16.png,0,0,23720.3046875
normal-A-T-10-Down-19-A1-10.png,0,0,17190.845703125
normal-A-T-10-Down-19-A1-14.png,0,0,18260.994140625
normal-A-T-10-Down-19-A1-15.png,0,0,21036.4453125
normal-A-T-10-Down-2-A1-17.png,0,0,19100.240234375
normal-A-T-10-Down-2-A1-21.png,0,0,33754.53515625
normal-A-T-10-Down-20-A1-1.png,0,0,16953.30859375
normal-A-T-10-Down-20-A1-20.png,0,0,40441.0
normal-A-T-10-Down-20-A1-6.png,0,0,19117.634765625
normal-A-T-10-Down-21-A1-10.png,0,0,17292.3203125
normal-A-T-10-Down-21-A1-14.png,0,0,18040.0234375
normal-A-T-10-Down-21-A1-15.png,0,0,23829.869140625
normal-A-T-10-Down-21-A1-8.png,0,0,17941.35546875
normal-A-T-10-Down-22-A1-14.png,0,0,19181.265625
normal-A-T-10-Down-22-A1-17.png,0,0,26361.75
normal-A-T-10-Down-23-A1-0.png,0,0,21339.31640625
normal-A-T-10-Down-23-A1-1.png,0,0,21908.2421875
normal-A-T-10-Down-23-A1-4.png,0,0,17611.59375
normal-A-T-10-Down-23-A1-5.png,0,0,28210.1875
normal-A-T-10-Down-24-A1-1.png,0,0,22114.1328125
normal-A-T-10-Down-24-A1-12.png,0,0,27663.02734375
normal-A-T-10-Down-24-A1-16.png,0,0,27517.111328125
normal-A-T-10-Down-24-A1-6.png,0,0,24569.296875
normal-A-T-10-Down-3-A1-11.png,0,0,21252.35546875
normal-A-T-10-Down-3-A1-12.png,0,0,28695.89453125
normal-A-T-10-Down-3-A1-19.png,0,0,45845.65625
normal-A-T-10-Down-3-A1-5.png,0,0,27459.84765625
normal-A-T-10-Down-3-A1-9.png,0,0,28437.091796875
normal-A-T-10-Down-4-A1-10.png,0,0,17674.2109375
normal-A-T-10-Down-4-A1-18.png,0,0,27085.359375
normal-A-T-10-Down-4-A1-19.png,0,0,45387.33203125
normal-A-T-10-Down-4-A1-5.png,0,0,26540.388671875
normal-A-T-10-Down-5-A1-10.png,0,0,16161.7861328125
normal-A-T-10-Down-5-A1-12.png,0,0,21604.373046875
normal-A-T-10-Down-5-A1-17.png,0,0,17405.564453125
normal-A-T-10-Down-5-A1-6.png,0,0,18706.4921875
normal-A-T-10-Down-54-A1-10.png,0,0,19548.083984375
normal-A-T-10-Down-54-A1-12.png,0,0,28526.458984375
normal-A-T-10-Down-54-A1-13.png,0,0,22047.15234375
normal-A-T-10-Down-54-A1-17.png,0,0,20227.427734375
normal-A-T-10-Down-55-A1-0.png,0,0,28228.99609375
normal-A-T-10-Down-55-A1-14.png,0,0,18184.744140625
normal-A-T-10-Down-55-A1-16.png,0,0,24536.005859375
normal-A-T-10-Down-56-A1-0.png,0,0,28146.85546875
normal-A-T-10-Down-56-A1-2.png,0,0,34138.6640625
normal-A-T-10-Down-56-A1-20.png,0,0,35147.9375
normal-A-T-10-Down-56-A1-4.png,0,0,23611.63671875
normal-A-T-10-Down-57-A1-12.png,0,0,22219.36328125
normal-A-T-10-Down-58-A1-13.png,0,0,19646.4609375
normal-A-T-10-Down-58-A1-6.png,0,0,20446.416015625
normal-A-T-10-Down-58-A1-7.png,0,0,18516.3359375
normal-A-T-10-Down-59-A1-1.png,0,0,26057.103515625
normal-A-T-10-Down-59-A1-11.png,0,0,20509.83984375
normal-A-T-10-Down-59-A1-14.png,0,0,18864.72265625
normal-A-T-10-Down-6-A1-1.png,0,0,27091.73828125
normal-A-T-10-Down-6-A1-11.png,0,0,17681.89453125
normal-A-T-10-Down-60-A1-10.png,0,0,19084.30078125
normal-A-T-10-Down-61-A1-0.png,0,0,25688.853515625
normal-A-T-10-Down-61-A1-14.png,0,0,19751.59375
normal-A-T-10-Down-61-A1-19.png,0,0,43836.1328125
normal-A-T-10-Down-62-A1-11.png,0,0,19854.6640625
normal-A-T-10-Down-62-A1-13.png,0,0,20550.109375
normal-A-T-10-Down-62-A1-20.png,0,0,31847.7109375
normal-A-T-10-Down-62-A1-7.png,0,0,18657.0390625
normal-A-T-10-Down-62-A1-9.png,0,0,22985.19140625
normal-A-T-10-Down-63-A1-15.png,0,0,20636.66015625
normal-A-T-10-Down-64-A1-15.png,0,0,20530.21875
normal-A-T-10-Down-64-A1-17.png,0,0,21568.39453125
normal-A-T-10-Down-64-A1-18.png,0,0,26430.048828125
normal-A-T-10-Down-65-A1-16.png,0,0,19311.1484375
normal-A-T-10-Down-65-A1-20.png,0,0,39585.78515625
normal-A-T-10-Down-65-A1-22.png,0,0,32648.603515625
normal-A-T-10-Down-65-A1-7.png,0,0,16268.5517578125
normal-A-T-10-Down-66-A1-0.png,0,0,23043.228515625
normal-A-T-10-Down-66-A1-15.png,0,0,21148.830078125
normal-A-T-10-Down-66-A1-8.png,0,0,20138.595703125
normal-A-T-10-Down-68-A1-13.png,0,0,21017.97265625
normal-A-T-10-Down-68-A1-21.png,0,0,35412.515625
normal-A-T-10-Down-69-A1-15.png,0,0,23775.326171875
normal-A-T-10-Down-7-A1-0.png,0,0,25640.337890625
normal-A-T-10-Down-7-A1-13.png,0,0,18574.95703125
normal-A-T-10-Down-7-A1-8.png,0,0,19033.2265625
normal-A-T-10-Down-70-A1-1.png,0,0,21401.904296875
normal-A-T-10-Down-70-A1-11.png,0,0,20876.3125
normal-A-T-10-Down-70-A1-5.png,0,0,23644.486328125
normal-A-T-10-Down-71-A1-10.png,0,0,20270.12109375
normal-A-T-10-Down-71-A1-4.png,0,0,18757.015625
normal-A-T-10-Down-72-A1-10.png,0,0,19498.82421875
normal-A-T-10-Down-72-A1-3.png,0,0,20944.767578125
normal-A-T-10-Down-72-A1-5.png,0,0,23984.22265625
normal-A-T-10-Down-73-A1-10.png,0,0,18033.6484375
normal-A-T-10-Down-73-A1-14.png,0,0,19864.177734375
normal-A-T-10-Down-73-A1-16.png,0,0,28913.25
normal-A-T-10-Down-73-A1-17.png,0,0,26550.638671875
normal-A-T-10-Down-73-A1-7.png,0,0,17373.1484375
normal-A-T-10-Down-73-A1-8.png,0,0,19760.12890625
normal-A-T-10-Down-74-A1-16.png,0,0,29863.44140625
normal-A-T-10-Down-74-A1-17.png,0,0,25959.634765625
normal-A-T-10-Down-74-A1-20.png,0,0,35807.421875
normal-A-T-10-Down-75-A1-1.png,0,0,20888.4140625
normal-A-T-10-Down-75-A1-11.png,0,0,20333.091796875
normal-A-T-10-Down-75-A1-14.png,0,0,21156.5703125
normal-A-T-10-Down-75-A1-16.png,0,0,30002.462890625
normal-A-T-10-Down-75-A1-4.png,0,0,17241.166015625
normal-A-T-10-Down-75-A1-5.png,0,0,26212.298828125
normal-A-T-10-Down-76-A1-13.png,0,0,22732.775390625
normal-A-T-10-Down-76-A1-21.png,0,0,33150.15234375
normal-A-T-10-Down-76-A1-4.png,0,0,18414.037109375
normal-A-T-10-Down-76-A1-9.png,0,0,25903.12890625
normal-A-T-10-Down-8-A1-11.png,0,0,18271.09375
normal-A-T-10-Down-8-A1-14.png,0,0,16837.443359375
normal-A-T-10-Down-8-A1-15.png,0,0,21082.658203125
normal-A-T-10-Down-8-A1-22.png,0,0,32585.07421875
normal-A-T-10-Down-8-A1-8.png,0,0,19455.451171875
normal-A-T-10-Down-9-A1-0.png,0,0,24785.39453125
normal-A-T-10-Down-9-A1-2.png,0,0,26995.01953125
normal-A-T-10-Down-9-A1-21.png,0,0,35844.9921875
normal-A-T-10-Down-9-A1-3.png,0,0,20169.12890625
normal-A-T-10-Down-9-A1-4.png,0,0,17490.58984375
normal-A-T-10-Down-9-A1-7.png,0,0,18433.62109375
normal-A-T-10-Up-10-A1-13.png,0,0,20187.552734375
normal-A-T-10-Up-10-A1-3.png,0,0,20171.68359375
normal-A-T-10-Up-10-A1-7.png,0,0,18545.607421875
normal-A-T-10-Up-11-A1-16.png,0,0,22995.865234375
normal-A-T-10-Up-11-A1-3.png,0,0,19755.0234375
normal-A-T-10-Up-11-A1-4.png,0,0,17382.0859375
normal-A-T-10-Up-11-A1-5.png,0,0,20709.796875
normal-A-T-10-Up-11-A1-6.png,0,0,21109.18359375
normal-A-T-10-Up-11-A1-9.png,0,0,21634.330078125
normal-A-T-10-Up-12-A1-10.png,0,0,19321.4453125
normal-A-T-10-Up-12-A1-15.png,0,0,22393.275390625
normal-A-T-10-Up-12-A1-17.png,0,0,22397.484375
normal-A-T-10-Up-12-A1-9.png,0,0,21744.244140625
normal-A-T-10-Up-13-A1-12.png,0,0,22050.416015625
normal-A-T-10-Up-13-A1-17.png,0,0,20952.9375
normal-A-T-10-Up-13-A1-20.png,0,0,45862.71484375
normal-A-T-10-Up-13-A1-21.png,0,0,36844.390625
normal-A-T-10-Up-14-A1-12.png,0,0,23084.1171875
normal-A-T-10-Up-14-A1-13.png,0,0,19604.36328125
normal-A-T-10-Up-14-A1-16.png,0,0,21918.009765625
normal-A-T-10-Up-14-A1-7.png,0,0,19234.29296875
normal-A-T-10-Up-14-A1-8.png,0,0,20749.28515625
normal-A-T-10-Up-15-A1-2.png,0,0,25821.97265625
normal-A-T-10-Up-15-A1-21.png,0,0,36413.359375
normal-A-T-10-Up-15-A1-9.png,0,0,22292.923828125
normal-A-T-10-Up-16-A1-12.png,0,0,27030.990234375
normal-A-T-10-Up-16-A1-14.png,0,0,18406.298828125
normal-A-T-10-Up-16-A1-17.png,0,0,19719.41015625
normal-A-T-10-Up-16-A1-3.png,0,0,21769.08984375
normal-A-T-10-Up-18-A1-14.png,0,0,17726.17578125
normal-A-T-10-Up-18-A1-19.png,0,0,44006.8984375
normal-A-T-10-Up-19-A1-11.png,0,0,18690.705078125
normal-A-T-10-Up-19-A1-15.png,0,0,24617.0
normal-A-T-10-Up-2-A1-14.png,0,0,21881.81640625
normal-A-T-10-Up-2-A1-15.png,0,0,31700.734375
normal-A-T-10-Up-2-A1-17.png,0,0,27427.67578125
normal-A-T-10-Up-2-A1-2.png,0,0,31901.75
normal-A-T-10-Up-2-A1-9.png,0,0,28742.626953125
normal-A-T-10-Up-20-A1-10.png,0,0,18785.75
normal-A-T-10-Up-20-A1-12.png,0,0,26048.41015625
normal-A-T-10-Up-20-A1-17.png,0,0,19546.951171875
normal-A-T-10-Up-20-A1-22.png,0,0,32775.7890625
normal-A-T-10-Up-20-A1-4.png,0,0,18931.197265625
normal-A-T-10-Up-20-A1-7.png,0,0,19381.916015625
normal-A-T-10-Up-20-A1-9.png,0,0,26341.412109375
normal-A-T-10-Up-21-A1-12.png,0,0,24755.720703125
normal-A-T-10-Up-21-A1-13.png,0,0,20313.1015625
normal-A-T-10-Up-21-A1-16.png,0,0,23508.998046875
normal-A-T-10-Up-21-A1-21.png,0,0,35155.0703125
normal-A-T-10-Up-21-A1-5.png,0,0,23428.767578125
normal-A-T-10-Up-22-A1-1.png,0,0,28941.134765625
normal-A-T-10-Up-22-A1-16.png,0,0,26744.41015625
s2-A-T-30-Down-10-A1-0.png,2,1,107736.203125
s2-A-T-30-Down-10-A1-1.png,2,1,96725.375
s2-A-T-30-Down-10-A1-10.png,2,1,123482.671875
s2-A-T-30-Down-10-A1-2.png,2,1,101926.1796875
s2-A-T-30-Down-10-A1-3.png,2,1,106220.484375
s2-A-T-30-Down-10-A1-4.png,2,1,104641.234375
s2-A-T-30-Down-10-A1-5.png,2,1,106662.6796875
s2-A-T-30-Down-10-A1-6.png,2,1,114233.234375
s2-A-T-30-Down-10-A1-7.png,2,1,119000.359375
s2-A-T-30-Down-10-A1-8.png,2,1,120919.703125
s2-A-T-30-Down-10-A1-9.png,2,1,122050.8203125
s2-A-T-30-Down-11-A1-0.png,2,1,106026.125
s2-A-T-30-Down-11-A1-1.png,2,1,102086.734375
s2-A-T-30-Down-11-A1-10.png,2,1,124310.984375
s2-A-T-30-Down-11-A1-2.png,2,1,110111.03125
s2-A-T-30-Down-11-A1-3.png,2,1,111246.15625
s2-A-T-30-Down-11-A1-4.png,2,1,106957.15625
s2-A-T-30-Down-11-A1-5.png,2,1,109493.265625
s2-A-T-30-Down-11-A1-6.png,2,1,117844.9921875
s2-A-T-30-Down-11-A1-7.png,2,1,120012.3984375
s2-A-T-30-Down-11-A1-8.png,2,1,122418.046875
s2-A-T-30-Down-11-A1-9.png,2,1,124230.9453125
s2-A-T-30-Down-12-A1-0.png,2,1,113321.8515625
s2-A-T-30-Down-12-A1-1.png,2,1,113231.1328125
s2-A-T-30-Down-12-A1-10.png,2,1,123544.515625
s2-A-T-30-Down-12-A1-2.png,2,1,112379.6171875
s2-A-T-30-Down-12-A1-3.png,2,1,113230.140625
s2-A-T-30-Down-12-A1-4.png,2,1,109991.96875
s2-A-T-30-Down-12-A1-5.png,2,1,112785.5078125
s2-A-T-30-Down-12-A1-6.png,2,1,117440.0703125
s2-A-T-30-Down-12-A1-7.png,2,1,118899.578125
s2-A-T-30-Down-12-A1-8.png,2,1,121397.9921875
s2-A-T-30-Down-12-A1-9.png,2,1,123259.46875
s2-A-T-30-Down-13-A1-0.png,2,1,100986.78125
s2-A-T-30-Down-13-A1-1.png,2,1,98740.359375
s2-A-T-30-Down-13-A1-10.png,2,1,123418.4375
s2-A-T-30-Down-13-A1-2.png,2,1,98435.546875
s2-A-T-30-Down-13-A1-3.png,2,1,95716.46875
s2-A-T-30-Down-13-A1-4.png,2,1,97212.4296875
s2-A-T-30-Down-13-A1-5.png,2,1,104133.625
s2-A-T-30-Down-13-A1-6.png,2,1,112286.6875
s2-A-T-30-Down-13-A1-7.png,2,1,116272.2421875
s2-A-T-30-Down-13-A1-8.png,2,1,118745.59375
s2-A-T-30-Down-13-A1-9.png,2,1,121058.8984375
s2-A-T-30-Down-14-A1-0.png,2,1,115362.234375
s2-A-T-30-Down-14-A1-1.png,2,1,115669.890625
s2-A-T-30-Down-14-A1-10.png,2,1,123199.4140625
s2-A-T-30-Down-14-A1-2.png,2,1,116279.4609375
s2-A-T-30-Down-14-A1-3.png,2,1,116693.6796875
s2-A-T-30-Down-14-A1-4.png,2,1,116365.25
s2-A-T-30-Down-14-A1-5.png,2,1,117005.6953125
s2-A-T-30-Down-14-A1-6.png,2,1,116753.6015625
s2-A-T-30-Down-14-A1-7.png,2,1,119787.96875
s2-A-T-30-Down-14-A1-8.png,2,1,120906.890625
s2-A-T-30-Down-14-A1-9.png,2,1,122751.34375
s2-A-T-30-Down-15-A1-0.png,2,1,108493.8828125
s2-A-T-30-Down-15-A1-1.png,2,1,110020.7578125
s2-A-T-30-Down-15-A1-10.png,2,1,124076.671875
s2-A-T-30-Down-15-A1-2.png,2,1,112915.78125
s2-A-T-30-Down-15-A1-3.png,2,1,113488.078125
s2-A-T-30-Down-15-A1-4.png,2,1,112785.3125
s2-A-T-30-Down-15-A1-5.png,2,1,115706.1875
s2-A-T-30-Down-15-A1-6.png,2,1,118213.765625
s2-A-T-30-Down-15-A1-7.png,2,1,121334.828125
s2-A-T-30-Down-15-A1-8.png,2,1,122179.2265625
s2-A-T-30-Down-15-A1-9.png,2,1,123795.484375
s2-A-T-30-Down-16-A1-0.png,2,1,100423.828125
s2-A-T-30-Down-16-A1-1.png,2,1,102063.1328125
s2-A-T-30-Down-16-A1-10.png,2,1,123263.8203125
s2-A-T-30-Down-16-A1-2.png,2,1,100423.3671875
s2-A-T-30-Down-16-A1-3.png,2,1,101601.8515625
s2-A-T-30-Down-16-A1-4.png,2,1,102473.75
s2-A-T-30-Down-16-A1-5.png,2,1,109335.8203125
s2-A-T-30-Down-16-A1-6.png,2,1,114224.15625
s2-A-T-30-Down-16-A1-7.png,2,1,117899.71875
s2-A-T-30-Down-16-A1-8.png,2,1,120706.3828125
s2-A-T-30-Down-16-A1-9.png,2,1,122873.2265625
s2-A-T-30-Down-17-A1-0.png,2,1,114550.6875
s2-A-T-30-Down-17-A1-1.png,2,1,114891.84375
s2-A-T-30-Down-17-A1-10.png,2,1,122745.984375
s2-A-T-30-Down-17-A1-2.png,2,1,115289.2265625
s2-A-T-30-Down-17-A1-3.png,2,1,115462.9296875
s2-A-T-30-Down-17-A1-4.png,2,1,115713.5078125
s2-A-T-30-Down-17-A1-5.png,2,1,117286.125
s2-A-T-30-Down-17-A1-6.png,2,1,118652.0859375
s2-A-T-30-Down-17-A1-7.png,2,1,119680.734375
s2-A-T-30-Down-17-A1-8.png,2,1,120488.921875
s2-A-T-30-Down-17-A1-9.png,2,1,122484.46875
s2-A-T-30-Down-18-A1-0.png,2,1,102118.0078125
s2-A-T-30-Down-18-A1-1.png,2,1,104845.4765625
s2-A-T-30-Down-18-A1-10.png,2,1,123689.078125
s2-A-T-30-Down-18-A1-2.png,2,1,107690.5
s2-A-T-30-Down-18-A1-3.png,2,1,107571.640625
s2-A-T-30-Down-18-A1-4.png,2,1,108408.984375
s2-A-T-30-Down-18-A1-5.png,2,1,116505.234375
s2-A-T-30-Down-18-A1-6.png,2,1,120004.3203125
s2-A-T-30-Down-18-A1-7.png,2,1,119569.5859375
s2-A-T-30-Down-18-A1-8.png,2,1,120350.859375
s2-A-T-30-Down-18-A1-9.png,2,1,122962.4765625
s2-A-T-30-Down-19-A1-0.png,2,1,103215.8515625
s2-A-T-30-Down-19-A1-1.png,2,1,107552.1953125
s2-A-T-30-Down-19-A1-10.png,2,1,123431.1953125
s2-A-T-30-Down-19-A1-2.png,2,1,110357.7890625
s2-A-T-30-Down-19-A1-3.png,2,1,110860.671875
s2-A-T-30-Down-19-A1-4.png,2,1,111220.890625
s2-A-T-30-Down-19-A1-5.png,2,1,117453.78125
s2-A-T-30-Down-19-A1-6.png,2,1,120077.4140625
s2-A-T-30-Down-19-A1-7.png,2,1,119694.6015625
s2-A-T-30-Down-19-A1-8.png,2,1,120402.265625
s2-A-T-30-Down-19-A1-9.png,2,1,122622.359375
s2-A-T-30-Down-2-A1-0.png,2,1,118568.421875
s2-A-T-30-Down-2-A1-1.png,2,1,113599.3984375
s2-A-T-30-Down-2-A1-10.png,2,1,122102.8359375
s2-A-T-30-Down-2-A1-2.png,2,1,110758.1171875
s2-A-T-30-Down-2-A1-3.png,2,1,110828.890625
s2-A-T-30-Down-2-A1-4.png,2,1,110791.84375
s2-A-T-30-Down-2-A1-5.png,2,1,109895.640625
s2-A-T-30-Down-2-A1-6.png,2,1,111911.9921875
s2-A-T-30-Down-2-A1-7.png,2,1,118032.5546875
s2-A-T-30-Down-2-A1-8.png,2,1,120493.59375
s2-A-T-30-Down-2-A1-9.png,2,1,121658.8515625
s2-A-T-30-Down-20-A1-0.png,2,1,99706.3671875
s2-A-T-30-Down-20-A1-1.png,2,1,101008.296875
s2-A-T-30-Down-20-A1-10.png,2,1,124655.90625
s2-A-T-30-Down-20-A1-2.png,2,1,104458.953125
s2-A-T-30-Down-20-A1-3.png,2,1,104717.25
s2-A-T-30-Down-20-A1-4.png,2,1,105996.0859375
s2-A-T-30-Down-20-A1-5.png,2,1,114546.484375
s2-A-T-30-Down-20-A1-6.png,2,1,119544.9296875
s2-A-T-30-Down-20-A1-7.png,2,1,121599.453125
s2-A-T-30-Down-20-A1-8.png,2,1,124036.453125
s2-A-T-30-Down-20-A1-9.png,2,1,124846.546875
s2-A-T-30-Down-21-A1-0.png,2,1,106565.984375
s2-A-T-30-Down-21-A1-1.png,2,1,106575.984375
s2-A-T-30-Down-21-A1-10.png,2,1,124466.875
s2-A-T-30-Down-21-A1-2.png,2,1,108126.296875
s2-A-T-30-Down-21-A1-3.png,2,1,108343.421875
s2-A-T-30-Down-21-A1-4.png,2,1,109105.953125
s2-A-T-30-Down-21-A1-5.png,2,1,113660.5390625
s2-A-T-30-Down-21-A1-6.png,2,1,117914.1796875
s2-A-T-30-Down-21-A1-7.png,2,1,120065.3046875
s2-A-T-30-Down-21-A1-8.png,2,1,123203.7578125
s2-A-T-30-Down-21-A1-9.png,2,1,124404.1171875
s2-A-T-30-Down-22-A1-0.png,2,1,91129.671875
s2-A-T-30-Down-22-A1-1.png,2,1,94027.1328125
s2-A-T-30-Down-22-A1-10.png,2,1,122808.609375
s2-A-T-30-Down-22-A1-2.png,2,1,100610.7578125
s2-A-T-30-Down-22-A1-3.png,2,1,101710.2578125
s2-A-T-30-Down-22-A1-4.png,2,1,104781.390625
s2-A-T-30-Down-22-A1-5.png,2,1,116065.125
s2-A-T-30-Down-22-A1-6.png,2,1,118823.2421875
s2-A-T-30-Down-22-A1-7.png,2,1,119219.8515625
s2-A-T-30-Down-22-A1-8.png,2,1,121466.6953125
s2-A-T-30-Down-22-A1-9.png,2,1,122035.40625
s2-A-T-30-Down-23-A1-0.png,2,1,95654.09375
s2-A-T-30-Down-23-A1-1.png,2,1,96891.0078125
s2-A-T-30-Down-23-A1-10.png,2,1,123358.7265625
s2-A-T-30-Down-23-A1-2.png,2,1,101643.40625
s2-A-T-30-Down-23-A1-3.png,2,1,102289.578125
s2-A-T-30-Down-23-A1-4.png,2,1,104730.8671875
s2-A-T-30-Down-23-A1-5.png,2,1,113303.921875
s2-A-T-30-Down-23-A1-6.png,2,1,118417.2890625
s2-A-T-30-Down-23-A1-7.png,2,1,119009.046875
s2-A-T-30-Down-23-A1-8.png,2,1,121637.21875
s2-A-T-30-Down-23-A1-9.png,2,1,122523.3359375
s2-A-T-30-Down-24-A1-0.png,2,1,104478.28125
s2-A-T-30-Down-24-A1-1.png,2,1,106635.5234375
s2-A-T-30-Down-24-A1-10.png,2,1,121882.5859375
s2-A-T-30-Down-24-A1-2.png,2,1,111179.4765625
s2-A-T-30-Down-24-A1-3.png,2,1,111301.625
s2-A-T-30-Down-24-A1-4.png,2,1,112301.234375
s2-A-T-30-Down-24-A1-5.png,2,1,116334.21875
s2-A-T-30-Down-24-A1-6.png,2,1,118510.296875
s2-A-T-30-Down-24-A1-7.png,2,1,119227.046875
s2-A-T-30-Down-24-A1-8.png,2,1,120959.203125
s2-A-T-30-Down-24-A1-9.png,2,1,121448.0859375
s2-A-T-30-Down-3-A1-0.png,2,1,115286.9453125
s2-A-T-30-Down-3-A1-1.png,2,1,102114.296875
s2-A-T-30-Down-3-A1-10.png,2,1,123543.921875
s2-A-T-30-Down-3-A1-2.png,2,1,99445.71875
s2-A-T-30-Down-3-A1-3.png,2,1,103139.1796875
s2-A-T-30-Down-3-A1-4.png,2,1,102828.53125
s2-A-T-30-Down-3-A1-5.png,2,1,101840.3203125
s2-A-T-30-Down-3-A1-6.png,2,1,106311.8984375
s2-A-T-30-Down-3-A1-7.png,2,1,115969.109375
s2-A-T-30-Down-3-A1-8.png,2,1,120395.5625
s2-A-T-30-Down-3-A1-9.png,2,1,122426.9453125
s2-A-T-30-Down-4-A1-0.png,2,1,116427.265625
s2-A-T-30-Down-4-A1-1.png,2,1,99992.5625
s2-A-T-30-Down-4-A1-10.png,2,1,122926.3671875
s2-A-T-30-Down-4-A1-2.png,2,1,97230.171875
s2-A-T-30-Down-4-A1-3.png,2,1,102639.3515625
s2-A-T-30-Down-4-A1-4.png,2,1,102195.2265625
s2-A-T-30-Down-4-A1-5.png,2,1,100153.0
s2-A-T-30-Down-4-A1-6.png,2,1,107040.796875
s2-A-T-30-Down-4-A1-7.png,2,1,117833.3359375
s2-A-T-30-Down-4-A1-8.png,2,1,120553.140625
s2-A-T-30-Down-4-A1-9.png,2,1,122039.1953125
s2-A-T-30-Down-5-A1-0.png,2,1,113910.65625
s2-A-T-30-Down-5-A1-1.png,2,1,105723.390625
test18-A-T-18-10-Down-1-A1-0.png,18,0,14430.123046875
test18-A-T-18-10-Down-1-A1-1.png,18,0,15527.4091796875
test18-A-T-18-10-Down-1-A1-10.png,18,0,13358.8740234375
test18-A-T-18-10-Down-1-A1-11.png,18,0,15276.986328125
test18-A-T-18-10-Down-1-A1-12.png,18,0,14590.6572265625
test18-A-T-18-10-Down-1-A1-13.png,18,0,16488.931640625
test18-A-T-18-10-Down-1-A1-14.png,18,0,14256.9921875
test18-A-T-18-10-Down-1-A1-15.png,18,0,13252.630859375
test18-A-T-18-10-Down-1-A1-16.png,18,0,13353.50390625
test18-A-T-18-10-Down-1-A1-17.png,18,0,14983.9130859375
test18-A-T-18-10-Down-1-A1-18.png,18,0,14649.361328125
test18-A-T-18-10-Down-1-A1-19.png,18,0,14558.708984375
test18-A-T-18-10-Down-1-A1-2.png,18,0,13320.66015625
test18-A-T-18-10-Down-1-A1-20.png,18,0,14304.7158203125
test18-A-T-18-10-Down-1-A1-21.png,18,0,14521.9208984375
test18-A-T-18-10-Down-1-A1-22.png,18,0,14598.55078125
test18-A-T-18-10-Down-1-A1-23.png,18,0,14468.36328125
test18-A-T-18-10-Down-1-A1-24.png,18,0,15418.1845703125
test18-A-T-18-10-Down-1-A1-25.png,18,0,13282.1552734375
test18-A-T-18-10-Down-1-A1-26.png,18,0,15795.5322265625
test18-A-T-18-10-Down-1-A1-27.png,18,0,14510.8583984375
test18-A-T-18-10-Down-1-A1-28.png,18,0,14087.421875
test18-A-T-18-10-Down-1-A1-29.png,18,0,14639.1337890625
test18-A-T-18-10-Down-1-A1-3.png,18,0,13680.4091796875
test18-A-T-18-10-Down-1-A1-30.png,18,0,15110.0576171875
test18-A-T-18-10-Down-1-A1-31.png,18,0,13108.5068359375
test18-A-T-18-10-Down-1-A1-32.png,18,0,13591.4619140625
test18-A-T-18-10-Down-1-A1-33.png,18,0,12889.6669921875
test18-A-T-18-10-Down-1-A1-34.png,18,0,13050.193359375
test18-A-T-18-10-Down-1-A1-35.png,18,0,13634.30859375
test18-A-T-18-10-Down-1-A1-36.png,18,0,13236.705078125
test18-A-T-18-10-Down-1-A1-4.png,18,0,14196.84375
test18-A-T-18-10-Down-1-A1-5.png,18,0,13777.5849609375
test18-A-T-18-10-Down-1-A1-6.png,18,0,13100.2939453125
test18-A-T-18-10-Down-1-A1-7.png,18,0,13130.8662109375
test18-A-T-18-10-Down-1-A1-8.png,18,0,12971.884765625
test18-A-T-18-10-Down-1-A1-9.png,18,0,13845.03125
test18-A-T-18-10-Down-1-A2-0.png,18,0,14423.75390625
test18-A-T-18-10-Down-1-A2-1.png,18,0,15905.8203125
test18-A-T-18-10-Down-1-A2-10.png,18,0,13353.3310546875
test18-A-T-18-10-Down-1-A2-11.png,18,0,15274.80859375
test18-A-T-18-10-Down-1-A2-12.png,18,0,14594.291015625
test18-A-T-18-10-Down-1-A2-13.png,18,0,16491.80859375
test18-A-T-18-10-Down-1-A2-14.png,18,0,14256.216796875
test18-A-T-18-10-Down-1-A2-15.png,18,0,13251.1328125
test18-A-T-18-10-Down-1-A2-16.png,18,0,13354.6591796875
test18-A-T-18-10-Down-1-A2-17.png,18,0,14982.8544921875
test18-A-T-18-10-Down-1-A2-18.png,18,0,14645.6904296875
test18-A-T-18-10-Down-1-A2-19.png,18,0,14556.3466796875
test18-A-T-18-10-Down-1-A2-2.png,18,0,13336.0751953125
test18-A-T-18-10-Down-1-A2-20.png,18,0,14301.5
test18-A-T-18-10-Down-1-A2-21.png,18,0,14524.8330078125
test18-A-T-18-10-Down-1-A2-22.png,18,0,14592.044921875
test18-A-T-18-10-Down-1-A2-23.png,18,0,14479.2958984375
test18-A-T-18-10-Down-1-A2-24.png,18,0,15418.44140625
test18-A-T-18-10-Down-1-A2-25.png,18,0,13275.474609375
test18-A-T-18-10-Down-1-A2-26.png,18,0,15790.0927734375
test18-A-T-18-10-Down-1-A2-27.png,18,0,14519.0
test18-A-T-18-10-Down-1-A2-28.png,18,0,14082.6533203125
test18-A-T-18-10-Down-1-A2-29.png,18,0,14641.478515625
test18-A-T-18-10-Down-1-A2-3.png,18,0,13681.5517578125
test18-A-T-18-10-Down-1-A2-30.png,18,0,15102.8623046875
test18-A-T-18-10-Down-1-A2-31.png,18,0,13090.4560546875
test18-A-T-18-10-Down-1-A2-32.png,18,0,13609.9228515625
test18-A-T-18-10-Down-1-A2-33.png,18,0,12890.154296875
test18-A-T-18-10-Down-1-A2-34.png,18,0,13040.8779296875
test18-A-T-18-10-Down-1-A2-35.png,18,0,13631.7158203125
test18-A-T-18-10-Down-1-A2-36.png,18,0,13247.4482421875
test18-A-T-18-10-Down-1-A2-4.png,18,0,14182.4228515625
test18-A-T-18-10-Down-1-A2-5.png,18,0,13728.548828125
test18-A-T-18-10-Down-1-A2-6.png,18,0,13111.3212890625
test18-A-T-18-10-Down-1-A2-7.png,18,0,13123.5703125
test18-A-T-18-10-Down-1-A2-8.png,18,0,12970.0947265625
test18-A-T-18-10-Down-1-A2-9.png,18,0,13850.70703125
test18-A-T-18-10-Down-1-A3-0.png,18,0,14437.015625
test18-A-T-18-10-Down-1-A3-1.png,18,0,15921.2451171875
test18-A-T-18-10-Down-1-A3-10.png,18,0,13364.48046875
test18-A-T-18-10-Down-1-A3-11.png,18,0,15273.548828125
test18-A-T-18-10-Down-1-A3-12.png,18,0,14585.0810546875
test18-A-T-18-10-Down-1-A3-13.png,18,0,16485.689453125
test18-A-T-18-10-Down-1-A3-14.png,18,0,14256.3154296875
test18-A-T-18-10-Down-1-A3-15.png,18,0,13251.0771484375
test18-A-T-18-10-Down-1-A3-16.png,18,0,13350.1259765625
test18-A-T-18-10-Down-1-A3-17.png,18,0,14979.5302734375
test18-A-T-18-10-Down-1-A3-18.png,18,0,14647.8134765625
test18-A-T-18-10-Down-1-A3-19.png,18,0,14558.677734375
test18-A-T-18-10-Down-1-A3-2.png,18,0,13329.32421875
test18-A-T-18-10-Down-1-A3-20.png,18,0,14300.8701171875
test18-A-T-18-10-Down-1-A3-21.png,18,0,14531.74609375
test18-A-T-18-10-Down-1-A3-22.png,18,0,14597.470703125
test18-A-T-18-10-Down-1-A3-23.png,18,0,14474.15234375
test18-A-T-18-10-Down-1-A3-24.png,18,0,15421.1123046875
test18-A-T-18-10-Down-1-A3-25.png,18,0,13271.5498046875
test18-A-T-18-10-Down-1-A3-26.png,18,0,15791.017578125
test18-A-T-18-10-Down-1-A3-27.png,18,0,14510.1103515625
test18-A-T-18-10-Down-1-A3-28.png,18,0,14079.58203125
test18-A-T-18-10-Down-1-A3-29.png,18,0,14642.4658203125
test18-A-T-18-10-Down-1-A3-3.png,18,0,13686.66796875
test18-A-T-18-10-Down-1-A3-30.png,18,0,15104.744140625
test18-A-T-18-10-Down-1-A3-31.png,18,0,13072.138671875
test18-A-T-18-10-Down-1-A3-32.png,18,0,13589.9658203125
test18-A-T-18-10-Down-1-A3-33.png,18,0,12887.421875
test18-A-T-18-10-Down-1-A3-34.png,18,0,13056.638671875
test18-A-T-18-10-Down-1-A3-35.png,18,0,13634.615234375
test18-A-T-18-10-Down-1-A3-36.png,18,0,13276.998046875
test18-A-T-18-10-Down-1-A3-4.png,18,0,14187.66796875
test18-A-T-18-10-Down-1-A3-5.png,18,0,13723.0546875
test18-A-T-18-10-Down-1-A3-6.png,18,0,13119.9306640625
test18-A-T-18-10-Down-1-A3-7.png,18,0,13129.6552734375
test18-A-T-18-10-Down-1-A3-8.png,18,0,12974.0830078125
test18-A-T-18-10-Down-1-A3-9.png,18,0,13871.994140625
test18-A-T-18-10-Down-1-A4-0.png,18,0,14453.81640625
test18-A-T-18-10-Down-1-A4-1.png,18,0,15911.916015625
test18-A-T-18-10-Down-1-A4-10.png,18,0,13360.1298828125
test18-A-T-18-10-Down-1-A4-11.png,18,0,15276.0546875
test18-A-T-18-10-Down-1-A4-12.png,18,0,14590.5029296875
test18-A-T-18-10-Down-1-A4-13.png,18,0,16490.34765625
test18-A-T-18-10-Down-1-A4-14.png,18,0,14256.3662109375
test18-A-T-18-10-Down-1-A4-15.png,18,0,13252.763671875
test18-A-T-18-10-Down-1-A4-16.png,18,0,13351.62890625
test18-A-T-18-10-Down-1-A4-17.png,18,0,14982.26171875
test18-A-T-18-10-Down-1-A4-18.png,18,0,14646.689453125
test18-A-T-18-10-Down-1-A4-19.png,18,0,14557.630859375
test18-A-T-18-10-Down-1-A4-2.png,18,0,13305.3369140625
test18-A-T-18-10-Down-1-A4-20.png,18,0,14305.7568359375
test18-A-T-18-10-Down-1-A4-21.png,18,0,14518.9658203125
test18-A-T-18-10-Down-1-A4-22.png,18,0,14600.0341796875
test18-A-T-18-10-Down-1-A4-23.png,18,0,14464.7822265625
test18-A-T-18-10-Down-1-A4-24.png,18,0,15420.4267578125
test18-A-T-18-10-Down-1-A4-25.png,18,0,13277.3828125
test18-A-T-18-10-Down-1-A4-26.png,18,0,15795.40625
test18-A-T-18-10-Down-1-A4-27.png,18,0,14529.72265625
test18-A-T-18-10-Down-1-A4-28.png,18,0,14083.5302734375
test18-A-T-18-10-Down-1-A4-29.png,18,0,14633.9482421875
test18-A-T-18-10-Down-1-A4-3.png,18,0,13674.6572265625
test18-A-T-18-10-Down-1-A4-30.png,18,0,15115.03125
test18-A-T-18-10-Down-1-A4-31.png,18,0,13082.90625
test18-A-T-18-10-Down-1-A4-32.png,18,0,13604.0205078125
test18-A-T-18-10-Down-1-A4-33.png,18,0,12888.6328125
test18-A-T-18-10-Down-1-A4-34.png,18,0,13081.083984375
test18-A-T-18-10-Down-1-A4-35.png,18,0,13636.673828125
test18-A-T-18-10-Down-1-A4-36.png,18,0,13240.73828125
test18-A-T-18-10-Down-1-A4-4.png,18,0,14187.134765625
test18-A-T-18-10-Down-1-A4-5.png,18,0,13755.912109375
test18-A-T-18-10-Down-1-A4-6.png,18,0,13115.6474609375
test18-A-T-18-10-Down-1-A4-7.png,18,0,13123.59765625
test18-A-T-18-10-Down-1-A4-8.png,18,0,13022.6328125
test18-A-T-18-10-Down-1-A4-9.png,18,0,13833.419921875
test18-A-T-18-10-Down-1-A5-0.png,18,0,14438.1865234375
test18-A-T-18-10-Down-1-A5-1.png,18,0,15690.154296875
test18-A-T-18-10-Down-1-A5-10.png,18,0,13358.6064453125
test18-A-T-18-10-Down-1-A5-11.png,18,0,15274.4931640625
test18-A-T-18-10-Down-1-A5-12.png,18,0,14591.4287109375
test18-A-T-18-10-Down-1-A5-13.png,18,0,16490.18359375
test18-A-T-18-10-Down-1-A5-14.png,18,0,14253.107421875
test18-A-T-18-10-Down-1-A5-15.png,18,0,13248.6640625
test18-A-T-18-10-Down-1-A5-16.png,18,0,13349.115234375
test18-A-T-18-10-Down-1-A5-17.png,18,0,14982.8046875
test18-A-T-18-10-Down-1-A5-18.png,18,0,14643.173828125
test18-A-T-18-10-Down-1-A5-19.png,18,0,14557.9765625
test18-A-T-18-10-Down-1-A5-2.png,18,0,13327.8173828125
test18-A-T-18-10-Down-1-A5-20.png,18,0,14301.634765625
test18-A-T-18-10-Down-1-A5-21.png,18,0,14530.7470703125
test18-A-T-18-10-Down-1-A5-22.png,18,0,14596.2421875
test18-A-T-18-10-Down-1-A5-23.png,18,0,14465.0703125
test18-A-T-18-10-Down-1-A5-24.png,18,0,15420.220703125
test18-A-T-18-10-Down-1-A5-25.png,18,0,13269.6630859375
test18-A-T-18-10-Down-1-A5-26.png,18,0,15791.96484375
test18-A-T-18-10-Down-1-A5-27.png,18,0,14511.3037109375
test18-A-T-18-10-Down-1-A5-28.png,18,0,14066.58984375
test18-A-T-18-10-Down-1-A5-29.png,18,0,14639.1875
test18-A-T-18-10-Down-1-A5-3.png,18,0,13665.072265625
test18-A-T-18-10-Down-1-A5-30.png,18,0,15115.052734375
test18-A-T-18-10-Down-1-A5-31.png,18,0,13085.6845703125
test18-A-T-18-10-Down-1-A5-32.png,18,0,13601.44921875
test18-A-T-18-10-Down-1-A5-33.png,18,0,12892.126953125
test18-A-T-18-10-Down-1-A5-34.png,18,0,13055.9580078125
test18-A-T-18-10-Down-1-A5-35.png,18,0,13638.724609375
test18-A-T-18-10-Down-1-A5-36.png,18,0,13247.76953125
test18-A-T-18-10-Down-1-A5-4.png,18,0,14185.927734375
test18-A-T-18-10-Down-1-A5-5.png,18,0,13731.8525390625
test18-A-T-18-10-Down-1-A5-6.png,18,0,13117.5341796875
test18-A-T-18-10-Down-1-A5-7.png,18,0,13121.458984375
test18-A-T-18-10-Down-1-A5-8.png,18,0,12986.91015625
test18-A-T-18-10-Down-1-A5-9.png,18,0,13834.900390625
test18-A-T-18-10-Down-2-A1-0.png,18,0,13071.267578125
test18-A-T-18-10-Down-2-A1-1.png,18,0,14210.712890625
test18-A-T-18-10-Down-2-A1-10.png,18,0,13380.369140625
test18-A-T-18-10-Down-2-A1-11.png,18,0,14534.951171875
test18-A-T-18-10-Down-2-A1-12.png,18,0,14119.3857421875
test18-A-T-18-10-Down-2-A1-13.png,18,0,15360.27734375
test18-A-T-18-10-Down-2-A1-14.png,18,0,18149.1484375
test18-A-T-18-10-Down-2-A1-15.png,18,0,15227.2060546875
test18-A-T-18-10-Down-2-A1-16.png,18,0,13554.580078125
test18-A-T-18-10-Down-2-A1-17.png,18,0,14776.48046875
test18-A-T-18-10-Down-2-A1-18.png,18,0,13574.01171875
test18-A-T-18-10-Down-2-A1-19.png,18,0,15647.4931640625
test18-A-T-18-10-Down-2-A1-2.png,18,0,14060.7998046875
test18-A-T-18-10-Down-2-A1-20.png,18,0,13889.9140625
test18-A-T-18-10-Down-2-A1-21.png,18,0,14450.388671875
